Name, ,Image,ClusterID,Area,Coverage (pc),lw_mean,mw_mean,sw_mean,lum_mean,RNL X,RNL Y,RNL Chromaticity,Dmax Chromaticity,Dmax channel,Adj1,Adj2,Adj3,hAdj1,hAdj2,hAdj3,vAdj1,vAdj2,vAdj3,Adj4,hAdj4,vAdj4
Botia_lohachata_C_10,1,Botia_lohachata_C_10_Sony_A7_28_to_70mm_D65_to_Pike_Cichlid_Crenicichla_frenata_D65_Acuity8.08_Dist550_FishOutline_WeberFiltered_itr5_rad5_fall3_FishOutline,1,8954,46.372158061,0.30909146,0.257046966,0.221049963,0.281665586,2.129032045,-1.604337019,2.665834714,0.166071719,lw:sw,17166,1334.0,0.0,8650,573.0,0.0,8516,761.0,0.0,,,
Botia_lohachata_C_10,2,Botia_lohachata_C_10_Sony_A7_28_to_70mm_D65_to_Pike_Cichlid_Crenicichla_frenata_D65_Acuity8.08_Dist550_FishOutline_WeberFiltered_itr5_rad5_fall3_FishOutline,2,10203,52.840644259,0.203718904,0.169579178,0.149743173,0.185728241,2.117978854,-1.445479038,2.564223873,0.152705859,lw:sw,1334,19414.0,41.0,573,9856.0,28.0,761,9558.0,13.0,,,
Botia_lohachata_C_10,3,Botia_lohachata_C_10_Sony_A7_28_to_70mm_D65_to_Pike_Cichlid_Crenicichla_frenata_D65_Acuity8.08_Dist550_FishOutline_WeberFiltered_itr5_rad5_fall3_FishOutline,3,152,0.78719768,0.09826458,0.083151251,0.079378837,0.090300271,1.928389853,-0.924459399,2.138530478,0.106312653,lw:sw,0,41.0,262.0,0,28.0,124.0,0,13.0,138.0,,,
Botia_lohachata_C_11,1,Botia_lohachata_C_11_Sony_A7_28_to_70mm_D65_to_Pike_Cichlid_Crenicichla_frenata_D65_Acuity8.08_Dist550_FishOutline_WeberFiltered_itr5_rad5_fall3_FishOutline,1,8277,59.709998557,0.257165462,0.21640613,0.184138202,0.235686413,1.992596611,-1.620294559,2.568228127,0.165480747,lw:sw,15549,1406.0,,7882,651.0,,7667,755.0,,,,
Botia_lohachata_C_11,2,Botia_lohachata_C_11_Sony_A7_28_to_70mm_D65_to_Pike_Cichlid_Crenicichla_frenata_D65_Acuity8.08_Dist550_FishOutline_WeberFiltered_itr5_rad5_fall3_FishOutline,2,5585,40.290001443,0.425342194,0.355068549,0.296025964,0.388310135,2.08520782,-1.771126552,2.735869316,0.179265231,lw:sw,1406,10422.0,,651,5257.0,,755,5165.0,,,,
Botia_lohachata_C_12,1,Botia_lohachata_C_12_Sony_A7_28_to_70mm_D65_to_Pike_Cichlid_Crenicichla_frenata_D65_Acuity8.08_Dist550_FishOutline_WeberFiltered_itr5_rad5_fall3_FishOutline,1,8986,56.877017533,0.290652824,0.246551407,0.217977726,0.267412727,1.900175682,-1.364641306,2.339425895,0.142883864,lw:sw,17345,1023.0,,8768,409.0,,8577,614.0,,,,
Botia_lohachata_C_12,2,Botia_lohachata_C_12_Sony_A7_28_to_70mm_D65_to_Pike_Cichlid_Crenicichla_frenata_D65_Acuity8.08_Dist550_FishOutline_WeberFiltered_itr5_rad5_fall3_FishOutline,2,6813,43.122982467,0.196299983,0.167994656,0.153262838,0.181383907,1.798016998,-1.146084227,2.132222826,0.123117055,lw:sw,1023,12861.0,,409,6548.0,,614,6313.0,,,,
Botia_lohachata_C_13,1,Botia_lohachata_C_13_Sony_A7_28_to_70mm_D65_to_Pike_Cichlid_Crenicichla_frenata_D65_Acuity8.08_Dist550_FishOutline_WeberFiltered_itr5_rad5_fall3_FishOutline,1,7853,34.205941284,0.221998061,0.190561657,0.164154602,0.205431993,1.763156413,-1.470578842,2.29593612,0.149794279,lw:sw,13999,1453.0,1489.0,7181,628.0,641.0,6818,825.0,848.0,,,
Botia_lohachata_C_13,2,Botia_lohachata_C_13_Sony_A7_28_to_70mm_D65_to_Pike_Cichlid_Crenicichla_frenata_D65_Acuity8.08_Dist550_FishOutline_WeberFiltered_itr5_rad5_fall3_FishOutline,2,8027,34.963847025,0.324135301,0.278428905,0.236463945,0.300049424,1.75513614,-1.551073583,2.342292067,0.156388644,lw:sw,1453,15079.0,327.0,628,7633.0,127.0,825,7446.0,200.0,,,
Botia_lohachata_C_13,3,Botia_lohachata_C_13_Sony_A7_28_to_70mm_D65_to_Pike_Cichlid_Crenicichla_frenata_D65_Acuity8.08_Dist550_FishOutline_WeberFiltered_itr5_rad5_fall3_FishOutline,3,7078,30.830211691,0.161728254,0.136160211,0.117929643,0.148254491,1.987082217,-1.514556959,2.498475239,0.156614963,lw:sw,1489,327.0,13120.0,641,127.0,6655.0,848,200.0,6465.0,,,
Botia_lohachata_C_14,1,Botia_lohachata_C_14_Sony_A7_28_to_70mm_D65_to_Pike_Cichlid_Crenicichla_frenata_D65_Acuity8.08_Dist550_FishOutline_WeberFiltered_itr5_rad5_fall3_FishOutline,1,6506,100.0,0.237892102,0.202398411,0.175587359,0.219187847,1.865767039,-1.463889464,2.371509858,0.15068401,lw:sw,12777,,,6461,,,6316,,,,,
Botia_lohachata_C_4,1,Botia_lohachata_C_4_Sony_A7_28_to_70mm_D65_to_Pike_Cichlid_Crenicichla_frenata_D65_Acuity8.08_Dist550_FishOutline_WeberFiltered_itr5_rad5_fall3_FishOutline,1,9375,57.501226693,0.316860088,0.269275716,0.2334391,0.291784479,1.878992576,-1.472542962,2.387256977,0.15159206,lw:sw,17718,1417.0,134.0,8938,712.0,56.0,8780,705.0,78.0,,,
Botia_lohachata_C_4,2,Botia_lohachata_C_4_Sony_A7_28_to_70mm_D65_to_Pike_Cichlid_Crenicichla_frenata_D65_Acuity8.08_Dist550_FishOutline_WeberFiltered_itr5_rad5_fall3_FishOutline,2,6069,37.223994112,0.508362979,0.428251246,0.361017794,0.46614655,1.980158628,-1.670655793,2.590775747,0.169482911,lw:sw,1417,11380.0,0.0,712,5707.0,0.0,705,5673.0,0.0,,,
Botia_lohachata_C_4,3,Botia_lohachata_C_4_Sony_A7_28_to_70mm_D65_to_Pike_Cichlid_Crenicichla_frenata_D65_Acuity8.08_Dist550_FishOutline_WeberFiltered_itr5_rad5_fall3_FishOutline,3,860,5.274779195,0.170879425,0.143341894,0.130304646,0.156367822,2.029116827,-1.245243652,2.38074502,0.134717545,lw:sw,134,0.0,1594.0,56,0.0,814.0,78,0.0,780.0,,,
Botia_lohachata_C_5,1,Botia_lohachata_C_5_Sony_A7_28_to_70mm_D65_to_Pike_Cichlid_Crenicichla_frenata_D65_Acuity8.08_Dist550_FishOutline_WeberFiltered_itr5_rad5_fall3_FishOutline,1,6123,61.711348518,0.431515272,0.361889748,0.308786781,0.394824761,2.031862174,-1.617278306,2.596931461,0.165781644,lw:sw,11825,650.0,0.0,5967,278.0,0.0,5858,372.0,0.0,0.0,0.0,0.0
Botia_lohachata_C_5,2,Botia_lohachata_C_5_Sony_A7_28_to_70mm_D65_to_Pike_Cichlid_Crenicichla_frenata_D65_Acuity8.08_Dist550_FishOutline_WeberFiltered_itr5_rad5_fall3_FishOutline,2,3378,34.045555332,0.288793718,0.242354178,0.208254687,0.264321479,2.024346771,-1.573423339,2.563911241,0.162034584,lw:sw,650,6237.0,77.0,278,3198.0,29.0,372,3039.0,48.0,0.0,0.0,0.0
Botia_lohachata_C_5,3,Botia_lohachata_C_5_Sony_A7_28_to_70mm_D65_to_Pike_Cichlid_Crenicichla_frenata_D65_Acuity8.08_Dist550_FishOutline_WeberFiltered_itr5_rad5_fall3_FishOutline,3,248,2.499496069,0.144814747,0.11917498,0.105747237,0.131303218,2.250092621,-1.461712581,2.683192217,0.155919542,lw:sw,0,77.0,420.0,0,29.0,220.0,0,48.0,200.0,33.0,20.0,13.0
Botia_lohachata_C_5,4,Botia_lohachata_C_5_Sony_A7_28_to_70mm_D65_to_Pike_Cichlid_Crenicichla_frenata_D65_Acuity8.08_Dist550_FishOutline_WeberFiltered_itr5_rad5_fall3_FishOutline,4,173,1.743600081,0.087834478,0.073860406,0.069301017,0.08047044,2.000845582,-1.050274936,2.259747881,0.117945731,lw:sw,0,0.0,33.0,0,0.0,20.0,0,0.0,13.0,311.0,152.0,159.0
Botia_lohachata_C_6,1,Botia_lohachata_C_6_Sony_A7_28_to_70mm_D65_to_Pike_Cichlid_Crenicichla_frenata_D65_Acuity8.08_Dist550_FishOutline_WeberFiltered_itr5_rad5_fall3_FishOutline,1,12310,87.540890343,0.362183497,0.299076309,0.251369047,0.328927828,2.210714001,-1.766197905,2.829613301,0.180611182,lw:sw,24039,476.0,50.0,12122,228.0,29.0,11917,248.0,21.0,1.0,1.0,0.0
Botia_lohachata_C_6,2,Botia_lohachata_C_6_Sony_A7_28_to_70mm_D65_to_Pike_Cichlid_Crenicichla_frenata_D65_Acuity8.08_Dist550_FishOutline_WeberFiltered_itr5_rad5_fall3_FishOutline,2,1439,10.233252738,0.635970129,0.519564418,0.433852279,0.574627892,2.33436667,-1.846178581,2.976179279,0.188926544,lw:sw,476,2640.0,0.0,228,1325.0,0.0,248,1315.0,0.0,0.0,0.0,0.0
Botia_lohachata_C_6,3,Botia_lohachata_C_6_Sony_A7_28_to_70mm_D65_to_Pike_Cichlid_Crenicichla_frenata_D65_Acuity8.08_Dist550_FishOutline_WeberFiltered_itr5_rad5_fall3_FishOutline,3,141,1.002702318,0.14386976,0.119831619,0.107989415,0.131202267,2.11104696,-1.323923098,2.491845027,0.142461931,lw:sw,50,0.0,229.0,29,0.0,111.0,21,0.0,118.0,35.0,23.0,12.0
Botia_lohachata_C_6,4,Botia_lohachata_C_6_Sony_A7_28_to_70mm_D65_to_Pike_Cichlid_Crenicichla_frenata_D65_Acuity8.08_Dist550_FishOutline_WeberFiltered_itr5_rad5_fall3_FishOutline,4,172,1.223154601,0.099588209,0.082894562,0.077643317,0.090790767,2.118592368,-1.10022763,2.387244114,0.123820472,lw:sw,1,0.0,35.0,1,0.0,23.0,0,0.0,12.0,306.0,148.0,158.0
Botia_lohachata_C_7,1,Botia_lohachata_C_7_Sony_A7_28_to_70mm_D65_to_Pike_Cichlid_Crenicichla_frenata_D65_Acuity8.08_Dist550_FishOutline_WeberFiltered_itr5_rad5_fall3_FishOutline,1,12943,71.386023937,0.139789388,0.115454562,0.102755401,0.126965604,2.208492851,-1.429968785,2.63101718,0.152689269,lw:sw,24951,1259.0,,12590,601.0,,12361,658.0,,,,
Botia_lohachata_C_7,2,Botia_lohachata_C_7_Sony_A7_28_to_70mm_D65_to_Pike_Cichlid_Crenicichla_frenata_D65_Acuity8.08_Dist550_FishOutline_WeberFiltered_itr5_rad5_fall3_FishOutline,2,5188,28.613976063,0.228595214,0.18854533,0.161954375,0.207490141,2.224133239,-1.643271305,2.765340711,0.170633488,lw:sw,1259,9661.0,,601,4866.0,,658,4795.0,,,,
Botia_lohachata_C_8,1,Botia_lohachata_C_8_Sony_A7_28_to_70mm_D65_to_Pike_Cichlid_Crenicichla_frenata_D65_Acuity8.08_Dist550_t1_WeberFiltered_itr5_rad5_fall3_t1,1,10709,69.385771673,0.409773554,0.341957066,0.296770541,0.374036334,2.089091897,-1.537242387,2.593726877,0.159937666,lw:sw,20819,873.0,32.0,10480,386.0,25.0,10339,487.0,7.0,,,
Botia_lohachata_C_8,2,Botia_lohachata_C_8_Sony_A7_28_to_70mm_D65_to_Pike_Cichlid_Crenicichla_frenata_D65_Acuity8.08_Dist550_t1_WeberFiltered_itr5_rad5_fall3_t1,2,3534,22.897499028,0.262461529,0.222496452,0.20046621,0.241401095,1.907500782,-1.256298329,2.284041314,0.133920078,lw:sw,873,6420.0,253.0,386,3293.0,45.0,487,3127.0,208.0,,,
Botia_lohachata_C_8,3,Botia_lohachata_C_8_Sony_A7_28_to_70mm_D65_to_Pike_Cichlid_Crenicichla_frenata_D65_Acuity8.08_Dist550_t1_WeberFiltered_itr5_rad5_fall3_t1,3,1191,7.716729299,0.179993855,0.150412954,0.137001548,0.164405577,2.073141493,-1.248622092,2.420118339,0.135624387,lw:sw,32,253.0,2108.0,25,45.0,1132.0,7,208.0,976.0,,,
Botia_lohachata_P_1,1,Botia_lohachata_P_1_Sony_A7_28_to_70mm_D65_to_Pike_Cichlid_Crenicichla_frenata_D65_Acuity8.08_Dist550_FishOutline_WeberFiltered_itr5_rad5_fall3_FishOutline,1,6965,48.801849776,0.367427092,0.317241221,0.278558395,0.34098067,1.695832641,-1.33569098,2.158684493,0.137570733,lw:sw,12990,453.0,1142.0,6532,223.0,605.0,6458,230.0,537.0,,,
Botia_lohachata_P_1,2,Botia_lohachata_P_1_Sony_A7_28_to_70mm_D65_to_Pike_Cichlid_Crenicichla_frenata_D65_Acuity8.08_Dist550_FishOutline_WeberFiltered_itr5_rad5_fall3_FishOutline,2,1546,10.832399103,0.595123981,0.504231587,0.435305466,0.547226487,1.913744704,-1.508753163,2.436956073,0.15509894,lw:sw,453,2840.0,42.0,223,1428.0,12.0,230,1412.0,30.0,,,
Botia_lohachata_P_1,3,Botia_lohachata_P_1_Sony_A7_28_to_70mm_D65_to_Pike_Cichlid_Crenicichla_frenata_D65_Acuity8.08_Dist550_FishOutline_WeberFiltered_itr5_rad5_fall3_FishOutline,3,5761,40.365751121,0.237212735,0.202056583,0.179204457,0.21868648,1.852262171,-1.329930965,2.280261283,0.139303272,lw:sw,1142,42.0,10733.0,605,12.0,5402.0,537,30.0,5331.0,,,
Botia_lohachata_P_10,1,Botia_lohachata_P_10_Sony_A7_28_to_70mm_D65_to_Pike_Cichlid_Crenicichla_frenata_D65_Acuity8.08_Dist550_FishOutline_WeberFiltered_itr5_rad5_fall3_FishOutline,1,6915,32.212232729,0.574395743,0.479924578,0.415768697,0.524612345,2.074890563,-1.542832781,2.585634127,0.16020273,lw:sw,13267,1038.0,,6719,380.0,,6548,658.0,,,,
Botia_lohachata_P_10,2,Botia_lohachata_P_10_Sony_A7_28_to_70mm_D65_to_Pike_Cichlid_Crenicichla_frenata_D65_Acuity8.08_Dist550_FishOutline_WeberFiltered_itr5_rad5_fall3_FishOutline,2,14552,67.787767271,0.36566969,0.305250488,0.266412328,0.333830612,2.085376271,-1.502945357,2.570532812,0.15703241,lw:sw,1038,28204.0,,380,14280.0,,658,13924.0,,,,
Botia_lohachata_P_11,1,Botia_lohachata_P_11_Sony_A7_28_to_70mm_D65_to_Pike_Cichlid_Crenicichla_frenata_D65_Acuity8.08_Dist550_FishOutline_WeberFiltered_itr5_rad5_fall3_FishOutline,1,17884,100.0,0.529426596,0.434799821,0.364271662,0.479561171,2.273721328,-1.806319315,2.903893618,0.184799436,lw:sw,35371,,,17802,,,17569,,,,,
Botia_lohachata_P_12,1,Botia_lohachata_P_12_Sony_A7_28_to_70mm_D65_to_Pike_Cichlid_Crenicichla_frenata_D65_Acuity8.08_Dist550_FishOutline_WeberFiltered_itr5_rad5_fall3_FishOutline,1,15327,61.197843881,0.242239691,0.192145695,0.163335574,0.215841648,2.675155502,-1.856934739,3.256480245,0.194548641,lw:sw,29612,1372.0,,14903,702.0,,14709,670.0,,,,
Botia_lohachata_P_12,2,Botia_lohachata_P_12_Sony_A7_28_to_70mm_D65_to_Pike_Cichlid_Crenicichla_frenata_D65_Acuity8.08_Dist550_FishOutline_WeberFiltered_itr5_rad5_fall3_FishOutline,2,9718,38.802156119,0.481695959,0.382074413,0.321007163,0.429198463,2.67543212,-1.925616154,3.296351711,0.200184591,lw:sw,1372,18655.0,,702,9348.0,,670,9307.0,,,,
Botia_lohachata_P_13,1,Botia_lohachata_P_13_Sony_A7_28_to_70mm_D65_to_Pike_Cichlid_Crenicichla_frenata_D65_Acuity8.08_Dist550_FishOutline_WeberFiltered_itr5_rad5_fall3_FishOutline,1,10062,86.778783959,0.361927777,0.298737519,0.261601004,0.328628362,2.215646118,-1.52742986,2.691120528,0.16090159,lw:sw,19601,437.0,,9917,171.0,,9684,266.0,,,,
Botia_lohachata_P_13,2,Botia_lohachata_P_13_Sony_A7_28_to_70mm_D65_to_Pike_Cichlid_Crenicichla_frenata_D65_Acuity8.08_Dist550_FishOutline_WeberFiltered_itr5_rad5_fall3_FishOutline,2,1533,13.221216041,0.706956733,0.573635743,0.488935851,0.63670066,2.413049329,-1.752535252,2.982312337,0.182308081,lw:sw,437,2838.0,,171,1446.0,,266,1392.0,,,,
Botia_lohachata_P_14,1,Botia_lohachata_P_14_Sony_A7_28_to_70mm_D65_to_Pike_Cichlid_Crenicichla_frenata_D65_Acuity8.08_Dist550_FishOutline_WeberFiltered_itr5_rad5_fall3_FishOutline,1,7170,80.084887747,0.348219061,0.28505638,0.24511685,0.314934135,2.311087638,-1.666408074,2.849217777,0.173767017,lw:sw,13852,471.0,,6995,244.0,,6857,227.0,,,,
Botia_lohachata_P_14,2,Botia_lohachata_P_14_Sony_A7_28_to_70mm_D65_to_Pike_Cichlid_Crenicichla_frenata_D65_Acuity8.08_Dist550_FishOutline_WeberFiltered_itr5_rad5_fall3_FishOutline,2,1783,19.915112253,0.761126281,0.615489942,0.522074656,0.684380375,2.452376555,-1.794228902,3.038652353,0.186293213,lw:sw,471,3298.0,,244,1655.0,,227,1643.0,,,,
Botia_lohachata_P_15,1,Botia_lohachata_P_15_Sony_A7_28_to_70mm_D65_to_Pike_Cichlid_Crenicichla_frenata_D65_Acuity8.08_Dist550_FishOutline_WeberFiltered_itr5_rad5_fall3_FishOutline,1,9855,87.561083963,0.439988969,0.368416894,0.325233572,0.402272588,2.050004882,-1.424083998,2.496104014,0.149963429,lw:sw,19184,424.0,25.0,9703,178.0,16.0,9481,246.0,9.0,,,
Botia_lohachata_P_15,2,Botia_lohachata_P_15_Sony_A7_28_to_70mm_D65_to_Pike_Cichlid_Crenicichla_frenata_D65_Acuity8.08_Dist550_FishOutline_WeberFiltered_itr5_rad5_fall3_FishOutline,2,1315,11.683696135,0.81425179,0.662036816,0.566504054,0.734039162,2.389650417,-1.72161151,2.945229245,0.179429069,lw:sw,424,2418.0,0.0,178,1226.0,0.0,246,1192.0,0.0,,,
Botia_lohachata_P_15,3,Botia_lohachata_P_15_Sony_A7_28_to_70mm_D65_to_Pike_Cichlid_Crenicichla_frenata_D65_Acuity8.08_Dist550_FishOutline_WeberFiltered_itr5_rad5_fall3_FishOutline,3,85,0.755219902,0.211686388,0.179032823,0.164545804,0.194478944,1.934559781,-1.148929456,2.250013431,0.125296518,lw:sw,25,0.0,147.0,16,0.0,69.0,9,0.0,78.0,,,
Botia_lohachata_P_2,1,Botia_lohachata_P_2_Sony_A7_28_to_70mm_D65_to_Pike_Cichlid_Crenicichla_frenata_D65_Acuity8.08_Dist550_FishOutline_WeberFiltered_itr5_rad5_fall3_FishOutline,1,5044,51.951797301,0.31678103,0.263611534,0.23108449,0.288762269,2.121593589,-1.489448186,2.592222069,0.156418933,lw:sw,9408,819.0,37.0,4805,351.0,25.0,4603,468.0,12.0,,,
Botia_lohachata_P_2,2,Botia_lohachata_P_2_Sony_A7_28_to_70mm_D65_to_Pike_Cichlid_Crenicichla_frenata_D65_Acuity8.08_Dist550_FishOutline_WeberFiltered_itr5_rad5_fall3_FishOutline,2,4502,46.369348028,0.439311626,0.365393218,0.317948591,0.400358896,2.127375363,-1.534715084,2.623180574,0.160265959,lw:sw,819,8574.0,0.0,351,4325.0,0.0,468,4249.0,0.0,,,
Botia_lohachata_P_2,3,Botia_lohachata_P_2_Sony_A7_28_to_70mm_D65_to_Pike_Cichlid_Crenicichla_frenata_D65_Acuity8.08_Dist550_FishOutline_WeberFiltered_itr5_rad5_fall3_FishOutline,3,163,1.678854671,0.11244028,0.09290179,0.087545048,0.102144014,2.204098685,-1.09367692,2.460524379,0.124485294,lw:sw,37,0.0,286.0,25,0.0,138.0,12,0.0,148.0,,,
Botia_lohachata_P_3,1,Botia_lohachata_P_3_Sony_A7_28_to_70mm_D65_to_Pike_Cichlid_Crenicichla_frenata_D65_Acuity8.08_Dist550_FishOutline_WeberFiltered_itr5_rad5_fall3_FishOutline,1,3849,42.790439133,0.520942412,0.436682122,0.377401366,0.476539821,2.037297142,-1.544156887,2.556364633,0.159784093,lw:sw,7367,506.0,0.0,3737,200.0,0.0,3630,306.0,0.0,,,
Botia_lohachata_P_3,2,Botia_lohachata_P_3_Sony_A7_28_to_70mm_D65_to_Pike_Cichlid_Crenicichla_frenata_D65_Acuity8.08_Dist550_FishOutline_WeberFiltered_itr5_rad5_fall3_FishOutline,2,5004,55.630906059,0.35004308,0.297247167,0.261108852,0.322221188,1.887857708,-1.398263617,2.349286673,0.145519016,lw:sw,506,9556.0,31.0,200,4861.0,25.0,306,4695.0,6.0,,,
Botia_lohachata_P_3,3,Botia_lohachata_P_3_Sony_A7_28_to_70mm_D65_to_Pike_Cichlid_Crenicichla_frenata_D65_Acuity8.08_Dist550_FishOutline_WeberFiltered_itr5_rad5_fall3_FishOutline,3,142,1.578654808,0.157421796,0.134148039,0.124371932,0.145157178,1.847357639,-1.06837337,2.1340459,0.117283888,lw:sw,0,31.0,250.0,0,25.0,117.0,0,6.0,133.0,,,
Botia_lohachata_P_4,1,Botia_lohachata_P_4_Sony_A7_28_to_70mm_D65_to_Pike_Cichlid_Crenicichla_frenata_D65_Acuity8.08_Dist550_FishOutline_WeberFiltered_itr5_rad5_fall3_FishOutline,1,12404,79.157626037,0.313810509,0.262965658,0.23992534,0.287016763,2.041129671,-1.227850131,2.381979487,0.133430353,lw:sw,24115,668.0,,12211,250.0,,11904,418.0,,,,
Botia_lohachata_P_4,2,Botia_lohachata_P_4_Sony_A7_28_to_70mm_D65_to_Pike_Cichlid_Crenicichla_frenata_D65_Acuity8.08_Dist550_FishOutline_WeberFiltered_itr5_rad5_fall3_FishOutline,2,3266,20.842373963,0.582251776,0.486150878,0.436748814,0.531609551,2.082907568,-1.332606212,2.472719809,0.14278987,lw:sw,668,6186.0,,250,3136.0,,418,3050.0,,,,
Botia_lohachata_P_6,1,Botia_lohachata_P_6_Sony_A7_28_to_70mm_D65_to_Pike_Cichlid_Crenicichla_frenata_D65_Acuity8.08_Dist550_FishOutline_WeberFiltered_itr5_rad5_fall3_FishOutline,1,9472,52.999104745,0.423537721,0.353903459,0.307172775,0.386842595,2.074068092,-1.531502489,2.578227749,0.159249041,lw:sw,18428,790.0,,9295,314.0,,9133,476.0,,,,
Botia_lohachata_P_6,2,Botia_lohachata_P_6_Sony_A7_28_to_70mm_D65_to_Pike_Cichlid_Crenicichla_frenata_D65_Acuity8.08_Dist550_FishOutline_WeberFiltered_itr5_rad5_fall3_FishOutline,2,8400,47.000895255,0.259038279,0.218350787,0.193082146,0.237597203,1.973083598,-1.388190623,2.412494993,0.145881782,lw:sw,790,16142.0,,314,8180.0,,476,7962.0,,,,
Botia_lohachata_P_7,1,Botia_lohachata_P_7_Sony_A7_28_to_70mm_D65_to_Pike_Cichlid_Crenicichla_frenata_D65_Acuity8.08_Dist550_FishOutline_WeberFiltered_itr5_rad5_fall3_FishOutline,1,11671,71.295051924,0.220716136,0.185948076,0.162910745,0.202394389,1.979284233,-1.444654392,2.450426981,0.150681283,lw:sw,22480,1017.0,40.0,11379,422.0,28.0,11101,595.0,12.0,,,
Botia_lohachata_P_7,2,Botia_lohachata_P_7_Sony_A7_28_to_70mm_D65_to_Pike_Cichlid_Crenicichla_frenata_D65_Acuity8.08_Dist550_FishOutline_WeberFiltered_itr5_rad5_fall3_FishOutline,2,4470,27.306047648,0.32667382,0.279244592,0.244612082,0.30168007,1.811437758,-1.38874605,2.282525431,0.143643906,lw:sw,1017,8420.0,0.0,422,4259.0,0.0,595,4161.0,0.0,,,
Botia_lohachata_P_7,3,Botia_lohachata_P_7_Sony_A7_28_to_70mm_D65_to_Pike_Cichlid_Crenicichla_frenata_D65_Acuity8.08_Dist550_FishOutline_WeberFiltered_itr5_rad5_fall3_FishOutline,3,229,1.398900428,0.105079189,0.086420836,0.080207682,0.095246758,2.25728585,-1.20085694,2.556833354,0.134232428,lw:sw,40,0.0,416.0,28,0.0,201.0,12,0.0,215.0,,,
Botia_lohachata_P_8,1,Botia_lohachata_P_8_Sony_A7_28_to_70mm_D65_to_Pike_Cichlid_Crenicichla_frenata_D65_Acuity8.08_Dist550_FishOutline_WeberFiltered_itr5_rad5_fall3_FishOutline,1,5144,32.450164017,0.263095763,0.226801538,0.204563631,0.243969658,1.714079956,-1.184596998,2.083588285,0.125159748,lw:sw,9359,1031.0,177.0,4805,448.0,87.0,4554,583.0,90.0,41.0,29.0,12.0
Botia_lohachata_P_8,2,Botia_lohachata_P_8_Sony_A7_28_to_70mm_D65_to_Pike_Cichlid_Crenicichla_frenata_D65_Acuity8.08_Dist550_FishOutline_WeberFiltered_itr5_rad5_fall3_FishOutline,2,5249,33.112541004,0.351685755,0.302977544,0.273239305,0.326018018,1.721431015,-1.187754468,2.091431427,0.125529371,lw:sw,1031,9387.0,1118.0,448,4789.0,468.0,583,4598.0,650.0,0.0,0.0,0.0
Botia_lohachata_P_8,3,Botia_lohachata_P_8_Sony_A7_28_to_70mm_D65_to_Pike_Cichlid_Crenicichla_frenata_D65_Acuity8.08_Dist550_FishOutline_WeberFiltered_itr5_rad5_fall3_FishOutline,3,5181,32.683573051,0.468563606,0.403022935,0.360049552,0.434025687,1.739895248,-1.249323824,2.141972336,0.130958641,lw:sw,177,1118.0,9708.0,87,468.0,4902.0,90,650.0,4806.0,0.0,0.0,0.0
Botia_lohachata_P_8,4,Botia_lohachata_P_8_Sony_A7_28_to_70mm_D65_to_Pike_Cichlid_Crenicichla_frenata_D65_Acuity8.08_Dist550_FishOutline_WeberFiltered_itr5_rad5_fall3_FishOutline,4,278,1.753721928,0.125986622,0.106352542,0.100477043,0.115640051,1.956263263,-0.994835113,2.194689695,0.112643143,lw:sw,41,0.0,0.0,29,0.0,0.0,12,0.0,0.0,512.0,248.0,264.0
Botia_lohachata_P_9,1,Botia_lohachata_P_9_Sony_A7_28_to_70mm_D65_to_Pike_Cichlid_Crenicichla_frenata_D65_Acuity8.08_Dist550_FishOutline_WeberFiltered_itr5_rad5_fall3_FishOutline,1,6834,54.672,0.315744017,0.266534031,0.23080583,0.289811809,1.956420292,-1.505245062,2.46846978,0.155407944,lw:sw,12771,1187.0,47.0,6468,598.0,32.0,6303,589.0,15.0,,,
Botia_lohachata_P_9,2,Botia_lohachata_P_9_Sony_A7_28_to_70mm_D65_to_Pike_Cichlid_Crenicichla_frenata_D65_Acuity8.08_Dist550_FishOutline_WeberFiltered_itr5_rad5_fall3_FishOutline,2,5404,43.232,0.479534645,0.40296103,0.344236488,0.439182703,2.00891794,-1.602615457,2.569849721,0.164242411,lw:sw,1187,10204.0,0.0,598,5105.0,0.0,589,5099.0,0.0,,,
Botia_lohachata_P_9,3,Botia_lohachata_P_9_Sony_A7_28_to_70mm_D65_to_Pike_Cichlid_Crenicichla_frenata_D65_Acuity8.08_Dist550_FishOutline_WeberFiltered_itr5_rad5_fall3_FishOutline,3,262,2.096,0.135853965,0.112860435,0.101499621,0.123737055,2.141158216,-1.346078795,2.529127642,0.144739096,lw:sw,47,0.0,475.0,32,0.0,230.0,15,0.0,245.0,,,
Yasuhikotakia_modesta_C_10,1,Yasuhikotakia_modesta_C_10_Sony_A7_28_to_70mm_D65_to_Pike_Cichlid_Crenicichla_frenata_D65_Acuity8.08_Dist550_FishOutline_WeberFiltered_itr5_rad5_fall3_FishOutline,1,10389,82.347812302,0.243586834,0.229099856,0.207090141,0.235952637,0.708015276,-0.831387974,1.092012635,0.080981935,lw:sw,20416,327.0,,10284,122.0,,10132,205.0,,,,
Yasuhikotakia_modesta_C_10,2,Yasuhikotakia_modesta_C_10_Sony_A7_28_to_70mm_D65_to_Pike_Cichlid_Crenicichla_frenata_D65_Acuity8.08_Dist550_FishOutline_WeberFiltered_itr5_rad5_fall3_FishOutline,2,2227,17.652187698,0.163577379,0.159370263,0.153516203,0.161360355,0.300870147,-0.321083958,0.440020174,0.031729359,lw:sw,327,4181.0,,122,2135.0,,205,2046.0,,,,
Yasuhikotakia_modesta_C_6,1,Yasuhikotakia_modesta_C_6_Sony_A7_28_to_70mm_D65_to_Pike_Cichlid_Crenicichla_frenata_D65_Acuity8.08_Dist550_FishOutline_WeberFiltered_itr5_rad5_fall3_FishOutline,1,2545,18.228047558,0.21693811,0.177699017,0.142079599,0.196260316,2.303883647,-2.09027998,3.110811832,0.208509245,lw:sw,4816,337.0,,2478,90.0,,2338,247.0,,,,
Yasuhikotakia_modesta_C_6,2,Yasuhikotakia_modesta_C_6_Sony_A7_28_to_70mm_D65_to_Pike_Cichlid_Crenicichla_frenata_D65_Acuity8.08_Dist550_FishOutline_WeberFiltered_itr5_rad5_fall3_FishOutline,2,11417,81.771952442,0.115066647,0.09563208,0.080346296,0.104825228,2.136246197,-1.743265099,2.757266948,0.177676821,lw:sw,337,22443.0,,90,11322.0,,247,11121.0,,,,
Yasuhikotakia_modesta_C_7,1,Yasuhikotakia_modesta_C_7_Sony_A7_28_to_70mm_D65_to_Pike_Cichlid_Crenicichla_frenata_D65_Acuity8.08_Dist550_FishOutline_WeberFiltered_itr5_rad5_fall3_FishOutline,1,13916,100.0,0.436047482,0.410690886,0.3693575,0.422685336,0.691789126,-0.85561941,1.100298491,0.082803042,lw:sw,27505,,,13839,,,13666,,,,,
Yasuhikotakia_modesta_C_8,1,Yasuhikotakia_modesta_C_8_Sony_A7_28_to_70mm_D65_to_Pike_Cichlid_Crenicichla_frenata_D65_Acuity8.08_Dist550_FishOutline_WeberFiltered_itr5_rad5_fall3_FishOutline,1,4222,29.786933822,0.473690413,0.43919738,0.391784146,0.45551362,0.873017471,-0.964758602,1.30112208,0.094637406,lw:sw,8123,323.0,,4129,94.0,,3994,229.0,,,,
Yasuhikotakia_modesta_C_8,2,Yasuhikotakia_modesta_C_8_Sony_A7_28_to_70mm_D65_to_Pike_Cichlid_Crenicichla_frenata_D65_Acuity8.08_Dist550_FishOutline_WeberFiltered_itr5_rad5_fall3_FishOutline,2,9952,70.213066178,0.279744695,0.270420286,0.250237315,0.274831006,0.391446195,-0.586958922,0.705514634,0.055676191,lw:sw,323,19573.0,,94,9873.0,,229,9700.0,,,,
Yasuhikotakia_modesta_C_9,1,Yasuhikotakia_modesta_C_9_Sony_A7_28_to_70mm_D65_to_Pike_Cichlid_Crenicichla_frenata_D65_Acuity8.08_Dist550_FishOutline_WeberFiltered_itr5_rad5_fall3_FishOutline,1,5634,40.590778098,0.226286623,0.210946845,0.185656714,0.218203028,0.810561719,-1.02255423,1.304847675,0.098629849,lw:sw,10972,376.0,,5554,120.0,,5418,256.0,,,,
Yasuhikotakia_modesta_C_9,2,Yasuhikotakia_modesta_C_9_Sony_A7_28_to_70mm_D65_to_Pike_Cichlid_Crenicichla_frenata_D65_Acuity8.08_Dist550_FishOutline_WeberFiltered_itr5_rad5_fall3_FishOutline,2,8246,59.409221902,0.159642207,0.144959946,0.127542349,0.151905103,1.114034951,-1.126992877,1.584672464,0.11177432,lw:sw,376,16085.0,,120,8131.0,,256,7954.0,,,,
Yasuhikotakia_modesta_P_11,1,Yasuhikotakia_modesta_P_11_Sony_A7_28_to_70mm_D65_to_Pike_Cichlid_Crenicichla_frenata_D65_Acuity8.08_Dist550_FishOutline_WeberFiltered_itr5_rad5_fall3_FishOutline,1,11752,95.474855797,0.182269035,0.170220683,0.150427981,0.175919653,0.789682595,-0.99149162,1.267538652,0.095705859,lw:sw,23150,121.0,,11662,50.0,,11488,71.0,,,,
Yasuhikotakia_modesta_P_11,2,Yasuhikotakia_modesta_P_11_Sony_A7_28_to_70mm_D65_to_Pike_Cichlid_Crenicichla_frenata_D65_Acuity8.08_Dist550_FishOutline_WeberFiltered_itr5_rad5_fall3_FishOutline,2,557,4.525144203,0.345785835,0.298599485,0.258032169,0.320918827,1.694146477,-1.428784193,2.216203185,0.145331318,lw:sw,121,1033.0,,50,524.0,,71,509.0,,,,
Yasuhikotakia_modesta_P_12,1,Yasuhikotakia_modesta_P_12_Sony_A7_28_to_70mm_D65_to_Pike_Cichlid_Crenicichla_frenata_D65_Acuity8.08_Dist550_FishOutline_WeberFiltered_itr5_rad5_fall3_FishOutline,1,12323,100.0,0.328144731,0.301125886,0.275285734,0.313906625,0.992198509,-0.861402507,1.313952876,0.087597495,lw:sw,24333,,,12249,,,12084,,,,,
Yasuhikotakia_modesta_P_13,1,Yasuhikotakia_modesta_P_13_Sony_A7_28_to_70mm_D65_to_Pike_Cichlid_Crenicichla_frenata_D65_Acuity8.08_Dist550_FishOutline_WeberFiltered_itr5_rad5_fall3_FishOutline,1,14615,100.0,0.196865325,0.18699903,0.180855014,0.191665928,0.593709629,-0.396619689,0.714001611,0.04238668,lw:sw,28893,,,14536,,,14357,,,,,
Yasuhikotakia_modesta_P_14,1,Yasuhikotakia_modesta_P_14_Sony_A7_28_to_70mm_D65_to_Pike_Cichlid_Crenicichla_frenata_D65_Acuity8.08_Dist550_FishOutline_WeberFiltered_itr5_rad5_fall3_FishOutline,1,11256,100.0,0.370064427,0.339206968,0.30432583,0.353803435,1.005365752,-0.975978076,1.401175756,0.097478569,lw:sw,22212,,,11188,,,11024,,,,,
Yasuhikotakia_modesta_P_15,1,Yasuhikotakia_modesta_P_15_Sony_A7_28_to_70mm_D65_to_Pike_Cichlid_Crenicichla_frenata_D65_Acuity8.08_Dist550_FishOutline_WeberFiltered_itr5_rad5_fall3_FishOutline,1,4557,37.654933069,0.40285484,0.395605788,0.382902105,0.399034794,0.209672642,-0.26219076,0.335718053,0.025393012,lw:sw,8835,375.0,,4470,138.0,,4365,237.0,,,,
Yasuhikotakia_modesta_P_15,2,Yasuhikotakia_modesta_P_15_Sony_A7_28_to_70mm_D65_to_Pike_Cichlid_Crenicichla_frenata_D65_Acuity8.08_Dist550_FishOutline_WeberFiltered_itr5_rad5_fall3_FishOutline,2,7545,62.345066931,0.279801772,0.275947658,0.26856335,0.277770765,0.160160203,-0.213126502,0.266597443,0.020494415,lw:sw,375,14684.0,,138,7421.0,,237,7263.0,,,,
Yasuhikotakia_modesta_P_16,1,Yasuhikotakia_modesta_P_16_Sony_A7_28_to_70mm_D65_to_Pike_Cichlid_Crenicichla_frenata_D65_Acuity8.08_Dist550_FishOutline_WeberFiltered_itr5_rad5_fall3_FishOutline,1,10002,61.358198884,0.28481887,0.265836688,0.238284763,0.274815809,0.796416734,-0.910587037,1.2097307,0.088957722,lw:sw,19504,623.0,,9843,255.0,,9661,368.0,,,,
Yasuhikotakia_modesta_P_16,2,Yasuhikotakia_modesta_P_16_Sony_A7_28_to_70mm_D65_to_Pike_Cichlid_Crenicichla_frenata_D65_Acuity8.08_Dist550_FishOutline_WeberFiltered_itr5_rad5_fall3_FishOutline,2,6299,38.641801116,0.207095084,0.179989025,0.155115495,0.192811008,1.619849101,-1.419511146,2.153815917,0.143506545,lw:sw,623,12111.0,,255,6127.0,,368,5984.0,,,,
Yasuhikotakia_modesta_P_17,1,Yasuhikotakia_modesta_P_17_Sony_A7_28_to_70mm_D65_to_Pike_Cichlid_Crenicichla_frenata_D65_Acuity8.08_Dist550_FishOutline_WeberFiltered_itr5_rad5_fall3_FishOutline,1,13190,100.0,0.306401165,0.291848654,0.270117168,0.298732436,0.56187947,-0.643515981,0.854295825,0.062936414,lw:sw,26057,,,13119,,,12938,,,,,
Yasuhikotakia_modesta_P_18,1,Yasuhikotakia_modesta_P_18_Sony_A7_28_to_70mm_D65_to_Pike_Cichlid_Crenicichla_frenata_D65_Acuity8.08_Dist550_FishOutline_WeberFiltered_itr5_rad5_fall3_FishOutline,1,15142,100.0,0.33835182,0.310989129,0.2777678,0.323932516,0.973745395,-0.991420653,1.389638445,0.098331587,lw:sw,29943,,,15059,,,14884,,,,,
Yasuhikotakia_modesta_P_19,1,Yasuhikotakia_modesta_P_19_Sony_A7_28_to_70mm_D65_to_Pike_Cichlid_Crenicichla_frenata_D65_Acuity8.08_Dist550_FishOutline_WeberFiltered_itr5_rad5_fall3_FishOutline,1,9515,70.512820513,0.477337101,0.437298071,0.399207029,0.45623773,1.011615396,-0.876269365,1.338362323,0.089134214,lw:sw,18440,546.0,,9341,196.0,,9099,350.0,,,,
Yasuhikotakia_modesta_P_19,2,Yasuhikotakia_modesta_P_19_Sony_A7_28_to_70mm_D65_to_Pike_Cichlid_Crenicichla_frenata_D65_Acuity8.08_Dist550_FishOutline_WeberFiltered_itr5_rad5_fall3_FishOutline,2,3979,29.487179487,0.667699159,0.604777902,0.545439569,0.63454145,1.142888627,-0.991785062,1.513219093,0.100779562,lw:sw,546,7675.0,,196,3879.0,,350,3796.0,,,,
Yasuhikotakia_modesta_P_20,1,Yasuhikotakia_modesta_P_20_Sony_A7_28_to_70mm_D65_to_Pike_Cichlid_Crenicichla_frenata_D65_Acuity8.08_Dist550_FishOutline_WeberFiltered_itr5_rad5_fall3_FishOutline,1,3157,24.02587519,0.27939014,0.248151924,0.218744203,0.262928546,1.369114095,-1.202325737,1.82210334,0.121746146,lw:sw,6008,438.0,,3076,136.0,,2932,302.0,,,,
Yasuhikotakia_modesta_P_20,2,Yasuhikotakia_modesta_P_20_Sony_A7_28_to_70mm_D65_to_Pike_Cichlid_Crenicichla_frenata_D65_Acuity8.08_Dist550_FishOutline_WeberFiltered_itr5_rad5_fall3_FishOutline,2,9983,75.97412481,0.174216313,0.163700909,0.150492259,0.168675017,0.718882623,-0.736184291,1.028960415,0.073062602,lw:sw,438,19507.0,,136,9856.0,,302,9651.0,,,,
Yasuhikotakia_modesta_P_21,1,Yasuhikotakia_modesta_P_21_Sony_A7_28_to_70mm_D65_to_Pike_Cichlid_Crenicichla_frenata_D65_Acuity8.08_Dist550_FishOutline_WeberFiltered_itr5_rad5_fall3_FishOutline,1,7012,44.025868023,0.367254976,0.371542761,0.379334307,0.369514501,-0.134033816,0.166958319,0.214103116,0.016179352,lw:sw,13695,504.0,,6902,190.0,,6793,314.0,,,,
Yasuhikotakia_modesta_P_21,2,Yasuhikotakia_modesta_P_21_Sony_A7_28_to_70mm_D65_to_Pike_Cichlid_Crenicichla_frenata_D65_Acuity8.08_Dist550_FishOutline_WeberFiltered_itr5_rad5_fall3_FishOutline,2,8915,55.974131977,0.266316215,0.253517977,0.242032757,0.259571927,0.568689546,-0.464062131,0.73400372,0.047769267,lw:sw,504,17302.0,,190,8753.0,,314,8549.0,,,,
Yasuhikotakia_modesta_P_22,1,Yasuhikotakia_modesta_P_22_Sony_A7_28_to_70mm_D65_to_Pike_Cichlid_Crenicichla_frenata_D65_Acuity8.08_Dist550_FishOutline_WeberFiltered_itr5_rad5_fall3_FishOutline,1,13421,100.0,0.197183698,0.164087776,0.139652526,0.179743153,2.121594124,-1.662610367,2.695447061,0.17079865,lw:sw,26515,,,13345,,,13170,,,,,
Yasuhikotakia_modesta_P_23,1,Yasuhikotakia_modesta_P_23_Sony_A7_28_to_70mm_D65_to_Pike_Cichlid_Crenicichla_frenata_D65_Acuity8.08_Dist550_FishOutline_WeberFiltered_itr5_rad5_fall3_FishOutline,1,12775,100.0,0.159459183,0.148571409,0.138523473,0.15372154,0.816635639,-0.686611969,1.066925378,0.070258149,lw:sw,25231,,,12705,,,12526,,,,,
Yasuhikotakia_modesta_P_24,1,Yasuhikotakia_modesta_P_24_Sony_A7_28_to_70mm_D65_to_Pike_Cichlid_Crenicichla_frenata_D65_Acuity8.08_Dist550_FishOutline_WeberFiltered_itr5_rad5_fall3_FishOutline,1,7874,51.329856584,0.164361835,0.144010949,0.124508103,0.153637543,1.526304218,-1.369069473,2.050355039,0.137964275,lw:sw,15383,426.0,,7764,144.0,,7619,282.0,,,,
Yasuhikotakia_modesta_P_24,2,Yasuhikotakia_modesta_P_24_Sony_A7_28_to_70mm_D65_to_Pike_Cichlid_Crenicichla_frenata_D65_Acuity8.08_Dist550_FishOutline_WeberFiltered_itr5_rad5_fall3_FishOutline,2,7466,48.670143416,0.10970241,0.097537694,0.087677488,0.103291979,1.357156216,-1.083637339,1.736704603,0.111586448,lw:sw,426,14531.0,,144,7352.0,,282,7179.0,,,,
Yasuhikotakia_modesta_P_25,1,Yasuhikotakia_modesta_P_25_Sony_A7_28_to_70mm_D65_to_Pike_Cichlid_Crenicichla_frenata_D65_Acuity8.08_Dist550_FishOutline_WeberFiltered_itr5_rad5_fall3_FishOutline,1,17457,100.0,0.379680507,0.37343592,0.346633528,0.376389792,0.191493335,-0.501210189,0.536545758,0.045499574,lw:sw,34551,,,17367,,,17184,,,,,
Yasuhikotakia_modesta_P_26,1,Yasuhikotakia_modesta_P_26_Sony_A7_28_to_70mm_D65_to_Pike_Cichlid_Crenicichla_frenata_D65_Acuity8.08_Dist550_FishOutline_WeberFiltered_itr5_rad5_fall3_FishOutline,1,2100,15.126413599,0.574675737,0.443934661,0.33884245,0.505779207,2.980630848,-2.59134871,3.949588382,0.258159377,lw:sw,3964,294.0,0.0,2046,76.0,0.0,1918,218.0,0.0,,,
Yasuhikotakia_modesta_P_26,2,Yasuhikotakia_modesta_P_26_Sony_A7_28_to_70mm_D65_to_Pike_Cichlid_Crenicichla_frenata_D65_Acuity8.08_Dist550_FishOutline_WeberFiltered_itr5_rad5_fall3_FishOutline,2,3404,24.519196139,0.394531745,0.303517883,0.233417216,0.34657022,3.028326303,-2.563365795,3.967569079,0.25657265,lw:sw,294,6407.0,386.0,76,3285.0,117.0,218,3122.0,269.0,,,
Yasuhikotakia_modesta_P_26,3,Yasuhikotakia_modesta_P_26_Sony_A7_28_to_70mm_D65_to_Pike_Cichlid_Crenicichla_frenata_D65_Acuity8.08_Dist550_FishOutline_WeberFiltered_itr5_rad5_fall3_FishOutline,3,8379,60.354390261,0.245067283,0.200550108,0.16774434,0.2216081,2.314827546,-1.82981999,2.950706316,0.187308058,lw:sw,0,386.0,16391.0,0,117.0,8283.0,0,269.0,8108.0,,,
Yasuhikotakia_modesta_P_27,1,Yasuhikotakia_modesta_P_27_Sony_A7_28_to_70mm_D65_to_Pike_Cichlid_Crenicichla_frenata_D65_Acuity8.08_Dist550_FishOutline_WeberFiltered_itr5_rad5_fall3_FishOutline,1,2971,22.081010777,0.513083606,0.449791555,0.38767546,0.479730637,1.520225429,-1.385161776,2.056637669,0.139224961,lw:sw,5618,559.0,,2854,216.0,,2764,343.0,,,,
Yasuhikotakia_modesta_P_27,2,Yasuhikotakia_modesta_P_27_Sony_A7_28_to_70mm_D65_to_Pike_Cichlid_Crenicichla_frenata_D65_Acuity8.08_Dist550_FishOutline_WeberFiltered_itr5_rad5_fall3_FishOutline,2,10484,77.918989223,0.348947884,0.316699842,0.282545486,0.331954154,1.119698642,-1.04749264,1.533285974,0.105151378,lw:sw,559,20408.0,,216,10309.0,,343,10099.0,,,,
Yasuhikotakia_modesta_P_28,1,Yasuhikotakia_modesta_P_28_Sony_A7_28_to_70mm_D65_to_Pike_Cichlid_Crenicichla_frenata_D65_Acuity8.08_Dist550_FishOutline_WeberFiltered_itr5_rad5_fall3_FishOutline,1,2201,13.306329726,0.66743497,0.536493683,0.437459611,0.598432911,2.521733995,-2.048933939,3.24919569,0.208142354,lw:sw,4151,410.0,0.0,2116,155.0,0.0,2035,255.0,0.0,,,
Yasuhikotakia_modesta_P_28,2,Yasuhikotakia_modesta_P_28_Sony_A7_28_to_70mm_D65_to_Pike_Cichlid_Crenicichla_frenata_D65_Acuity8.08_Dist550_FishOutline_WeberFiltered_itr5_rad5_fall3_FishOutline,2,14209,85.901698809,0.356177009,0.290209702,0.243828727,0.321414257,2.365119565,-1.820551028,2.984660216,0.187245347,lw:sw,410,27899.0,41.0,155,14048.0,10.0,255,13851.0,31.0,,,
Yasuhikotakia_modesta_P_28,3,Yasuhikotakia_modesta_P_28_Sony_A7_28_to_70mm_D65_to_Pike_Cichlid_Crenicichla_frenata_D65_Acuity8.08_Dist550_FishOutline_WeberFiltered_itr5_rad5_fall3_FishOutline,3,131,0.791971465,0.139726317,0.115403095,0.100567248,0.126908727,2.208430372,-1.553465272,2.700077602,0.162963453,lw:sw,0,41.0,225.0,0,10.0,125.0,0,31.0,100.0,,,
